cnname,ship,SCM,speed,G,minHP,maxHP,QF,HP,氢燃料,保险时间,加急时间,加急费用,滚转速率,俯仰速率,偏航速率,横截面信号减免,电磁信号减免,红外信号减免,物理抗性,picpath
100i,100i,210,"1,000",11.8,"2,200","4,450",700,"2,200/4,450",65000,3m 21s,1m 7s,"1,858 aUEC",195 °/s,50 °/s,50 °/s,None,None,None,-52%,/FOD问答资料图/飞船资料卡/起源悦动/100i.jpg
125a,125a,230,"1,150",11.8,"2,200","4,450",700,"2,200/4,450",65000,4m 32s,1m 30s,"2,526 aUEC",210 °/s,51 °/s,51 °/s,None,None,None,-52%,/FOD问答资料图/飞船资料卡/起源悦动/125A.jpg
135c,135c,190,"1,095",11.8,"2,200","4,450",700,"2,200/4,450",65000,3m 46s,1m 15s,"1,830 aUEC",212 °/s,53 °/s,53 °/s,None,None,None,-52%,/FOD问答资料图/飞船资料卡/起源悦动/135C.jpg
300i,300i,204,"1,188",9.66,"2,350","9,650",680,"2,350/9,650",105000,7m 45s,2m 35s,"3,618 aUEC",150 °/s,45 °/s,40 °/s,None,None,None,-52%,/FOD问答资料图/飞船资料卡/起源悦动/300I.jpg
315p,315p,210,"1,223",9.55,"2,350","9,650",830,"2,350/9,650",1045000,5m 10s,1m 43s,"2,579 aUEC",165 °/s,45 °/s,42 °/s,None,None,None,-52%,/FOD问答资料图/飞船资料卡/起源悦动/315P.jpg
325a,325a,225,"1,235",9.7,"2,350","9,650",583,"2,350/9,650",105000,6m 12s,2m 4s,"3,900 aUEC",167 °/s,45 °/s,45 °/s,None,None,None,-52%,/FOD问答资料图/飞船资料卡/起源悦动/325A.jpg
350r,350r,258,"1,347",10.24,850,"3,050",583,"850/3,050",157500,10m 8s,3m 22s,"4,573 aUEC",195 °/s,54 °/s,54 °/s,None,None,None,-52%,/FOD问答资料图/飞船资料卡/起源悦动/350R.jpg
400i,400i,185,"1,250",5.4,"15,000","80,500","4,920","15,000/80,500",5339744,22m 30s,7m 30s,"12,027 aUEC",75 °/s,29 °/s,29 °/s,None,None,None,-50%,/FOD问答资料图/飞船资料卡/起源悦动/400i.jpg
600i探索600i行政,600i,109,955,3.58,"18,600","106,100","3,000","18,600/106,100",2385000,38m 42s,12m 53s,"18,075 aUEC",50 °/s,30 °/s,30 °/s,None,None,None,-52%,/FOD问答资料图/飞船资料卡/起源悦动/600 探索.jpg
600i旅游,600i Touring,109,955,3.6,"18,600","106,100","3,000","18,600/106,100",2385000,38m 42s,12m 53s,"18,075 aUEC",50 °/s,30 °/s,30 °/s,None,None,None,-52%,/FOD问答资料图/飞船资料卡/起源悦动/600 旅游.jpg
85X Limited,85X Limited,190,"1,183",14.87,"1,600","2,800",625,"1,600/2,800",45000,4m 3s,1m 21s,"1,935 aUEC",180 °/s,48 °/s,48 °/s,None,None,None,-52%,/FOD问答资料图/飞船资料卡/起源悦动/85X.jpg
890 Jump890悦动,890 Jump,80,900,1.87,"100,000","153,200","25,000","100,000/153,200",15000000,1h 14m 15s,24m 45s,"34,399 aUEC",40 °/s,20 °/s,20 °/s,None,None,None,-52%,/FOD问答资料图/飞船资料卡/起源悦动/890 跃动.jpg
A2 Hercules StarlifterA2大力神A2,A2 Hercules Starlifter,135,963,7.3,"45,000","82,200","88,000","45,000/82,200",13155000,39m 14s,13m 4s,"20,200 aUEC",80 °/s,28 °/s,24 °/s,None,None,None,-55%,/FOD问答资料图/飞船资料卡/十字军工业/大力神A2.jpg
Ares Star Fighter Inferno黑战神地狱,Ares Star Fighter Inferno,170,"1,120",8.79,"10,000","30,100","5,000","10,000/30,100",450000,10m 18s,3m 25s,"7,311 aUEC",115 °/s,30 °/s,30 °/s,None,None,None,-50%,/FOD问答资料图/飞船资料卡/十字军工业/战神地狱.jpg
Ares Star Fighter Ion白战神离子,Ares Star Fighter Ion,170,"1,120",8.79,"10,000","30,100","5,000","10,000/30,100",450000,10m 18s,3m 25s,"7,311 aUEC",115 °/s,30 °/s,30 °/s,None,None,None,-50%,/FOD问答资料图/飞船资料卡/十字军工业/战神离子.jpg
Arrow箭头,Arrow,200,"1,235",12.99,"2,300","9,280",583,"2,300/9,280",75000,5m 16s,1m 45s,"3,121 aUEC",190 °/s,53 °/s,53 °/s,None,None,None,-54%,/FOD问答资料图/飞船资料卡/铁砧航天/箭矢.jpg
Aurora CL极光CL,Aurora CL,138,"1,093",9.17,"1,880","6,290",583,"1,880/6,290",45000,2m 25s,48s,"1,408 aUEC",156 °/s,50 °/s,50 °/s,None,None,None,-53%,/FOD问答资料图/飞船资料卡/罗伯茨太空工业/极光 CL.jpg
Aurora ES极光ES,Aurora ES,143,"1,141",9.15,"1,880","6,290",583,"1,880/6,290",45000,2m 9s,43s,"1,298 aUEC",156 °/s,50 °/s,50 °/s,None,None,None,-53%,/FOD问答资料图/飞船资料卡/罗伯茨太空工业/极光 ES.jpg
Aurora LN极光LN,Aurora LN,138,"1,208",8.44,"1,880","6,290",583,"1,880/6,290",45000,2m 55s,58s,"2,005 aUEC",156 °/s,50 °/s,50 °/s,20%,None,None,-53%,/FOD问答资料图/飞船资料卡/罗伯茨太空工业/极光 LN.jpg
Aurora LX极光LX,Aurora LX,143,"1,199",9.06,"1,880","6,290",700,"1,880/6,290",45000,2m 42s,53s,"1,513 aUEC",156 °/s,50 °/s,50 °/s,None,None,None,-53%,/FOD问答资料图/飞船资料卡/罗伯茨太空工业/极光 LX.jpg
Aurora MR极光MR,Aurora MR,147,"1,212",8.69,"1,880","6,290",583,"1,880/6,290",45000,2m 55s,58s,"1,631 aUEC",158 °/s,52 °/s,52 °/s,None,None,None,-53%,/FOD问答资料图/飞船资料卡/罗伯茨太空工业/极光 MR.jpg
Avenger Stalker复仇追猎,Avenger Stalker,184,"1,307",5.27,"2,500","11,900",583,"2,500/11,900",90000,4m 51s,1m 37s,"2,658 aUEC",152 °/s,43 °/s,41 °/s,None,None,None,-50%,/FOD问答资料图/飞船资料卡/圣盾动力/复仇追猎者.jpg
Avenger Titan复仇泰坦,Avenger Titan,189,"1,113",5.21,"2,500","11,900",583,"2,500/11,900",90000,4m 3s,1m 21s,"2,343 aUEC",162 °/s,46 °/s,43 °/s,None,None,None,-50%,/FOD问答资料图/飞船资料卡/圣盾动力/复仇泰坦.jpg
Avenger Warlock复仇术士,Avenger Warlock,181,"1,306",5.66,"2,500","11,900",583,"2,500/11,900",90000,4m 51s,1m 37s,"2,724 aUEC",145 °/s,42 °/s,40 °/s,None,None,None,-50%,/FOD问答资料图/飞船资料卡/圣盾动力/复仇术士.jpg
Ballista弩炮,Ballista,0,25,0,"10,000","37,800",0,"10,000/37,800",0,6m 11s,2m 3s,"8,073 aUEC",None,None,None,None,None,None,-54%,/FOD问答资料图/飞船资料卡/铁砧航天/弩炮.jpg
Blade刀锋,Blade,214,"1,238",14.23,"1,800","7,250",583,"1,800/7,250",522500,10m 19s,3m 26s,"5,124 aUEC",198 °/s,55 °/s,55 °/s,None,None,None,-52%,/FOD问答资料图/飞船资料卡/埃斯佩里亚/刀锋.jpg
Buccaneer掠夺者,Buccaneer,210,"1,317",9.44,"3,200","14,680",583,"3,200/14,680",75000,6m 33s,2m 11s,"3,338 aUEC",157 °/s,46 °/s,41 °/s,None,None,None,-58%,/FOD问答资料图/飞船资料卡/德雷克星际/掠夺者.jpg
C2 Hercules StarlifterC2大力神C2,C2 Hercules Starlifter,135,963,7.31,"45,000","82,200","88,000","45,000/82,200",13155000,32m 42s,10m 53s,"17,580 aUEC",80 °/s,28 °/s,24 °/s,None,None,None,-50%,/FOD问答资料图/飞船资料卡/十字军工业/大力神C2.jpg
C8 PiscesC8基础双鱼座基础,C8 Pisces,142,"1,150",5.16,"1,500","3,250",645,"1,500/3,250",522500,3m 21s,1m 7s,"1,806 aUEC",145 °/s,42 °/s,44 °/s,None,None,None,None,/FOD问答资料图/飞船资料卡/铁砧航天/双鱼座C8.jpg
C8R Pisces Rescue,C8R Pisces Rescue,164,"1,150",5.16,"1,500","3,250",645,"1,500/3,250",522500,4m 35s,1m 31s,"2,301 aUEC",145 °/s,42 °/s,44 °/s,None,None,None,None,/FOD问答资料图/飞船资料卡/铁砧航天/双鱼座C8R.jpg
C8X Pisces Expedition,C8X Pisces Expedition,142,"1,150",5.16,"1,500","3,250",645,"1,500/3,250",522500,3m 21s,1m 7s,"1,806 aUEC",145 °/s,42 °/s,44 °/s,None,None,None,None,/FOD问答资料图/飞船资料卡/铁砧航天/双鱼座C8X.jpg
Carrack克拉克,Carrack,208,"1,236",2.57,"60,000","93,000","44,000","60,000/93,000",15786000,48m 17s,16m 6s,"19,595 aUEC",75 °/s,28 °/s,24 °/s,None,None,None,-54%,/FOD问答资料图/飞船资料卡/铁砧航天/克拉克.jpg
Caterpillar毛毛虫,Caterpillar,99,894,2.72,"26,100","45,800","11,000","26,100/45,800",2505000,18m 37s,6m 12s,"7,730 aUEC",65 °/s,20 °/s,20 °/s,None,None,None,-58%,/FOD问答资料图/飞船资料卡/德雷克星际/毛虫.jpg
Centurion百夫长,Centurion,0,25,0,"10,000","33,600",0,"10,000/33,600",0,7m 33s,2m 31s,"5,920 aUEC",None,None,None,None,None,None,-54%,/FOD问答资料图/飞船资料卡/铁砧航天/百夫长.jpg
Constellation Andromeda仙女座,Constellation Andromeda,144,911,4.72,"20,000","181,844","3,000","20,000/181,844",660000,16m 12s,5m 24s,"11,215 aUEC",65 °/s,25 °/s,25 °/s,None,None,None,-53%,/FOD问答资料图/飞船资料卡/罗伯茨太空工业/星座仙女座.jpg
Constellation Aquila天鹰座,Constellation Aquila,146,988,4.52,"20,000","181,844","3,000","20,000/181,844",1045000,16m 12s,5m 24s,"9,171 aUEC",65 °/s,25 °/s,25 °/s,None,None,None,-53%,/FOD问答资料图/飞船资料卡/罗伯茨太空工业/星座天鹰座.jpg
Constellation Phoenix凤凰座,Constellation Phoenix,144,911,4.76,"20,000","162,145","3,000","20,000/162,145",660000,24m 17s,8m 6s,"12,079 aUEC",65 °/s,25 °/s,25 °/s,None,None,None,-53%,/FOD问答资料图/飞船资料卡/罗伯茨太空工业/星座凤凰座.jpg
Constellation Taurus金牛座,Constellation Taurus,144,911,4.76,"10,000","131,240","3,000","10,000/131,240",660000,17m 6s,5m 41s,"9,531 aUEC",65 °/s,25 °/s,25 °/s,None,None,None,-53%,/FOD问答资料图/飞船资料卡/罗伯茨太空工业/星座金牛座.jpg
Corsair海盗船,Corsair,150,950,5.45,"15,000","91,000","6,900","15,000/91,000",691200,17m,5m 40s,"6,805 aUEC",85 °/s,27 °/s,27 °/s,None,None,None,-58%,/FOD问答资料图/飞船资料卡/德雷克星际/海盗船.jpg
Cutlass Black黑弯刀,Cutlass Black,165,"1,114",5.74,"8,600","32,120","2,500","8,600/32,120",360000,9m 59s,3m 19s,"6,251 aUEC",110 °/s,30 °/s,30 °/s,None,None,None,-58%,/FOD问答资料图/飞船资料卡/德雷克星际/黑弯刀.jpg
Cutlass Blue蓝弯刀,Cutlass Blue,198,"1,300",6.24,"9,000","33,170","2,500","9,000/33,170",360000,9m 59s,3m 19s,"6,643 aUEC",110 °/s,30 °/s,30 °/s,None,None,None,-58%,/FOD问答资料图/飞船资料卡/德雷克星际/蓝弯刀.jpg
Cutlass Red红弯刀,Cutlass Red,183,"1,198",6.24,"8,800","30,920","2,500","8,800/30,920",360000,14m 59s,5m,"6,310 aUEC",110 °/s,30 °/s,30 °/s,None,None,None,-58%,/FOD问答资料图/飞船资料卡/德雷克星际/红弯刀.jpg
Cutlass Steel钢弯刀,Cutlass Steel,150,900,5.74,"8,600","32,720","2,500","8,600/32,720",360000,11m 59s,4m,"7,051 aUEC",110 °/s,30 °/s,30 °/s,None,None,None,-58%,/FOD问答资料图/飞船资料卡/德雷克星际/钢弯刀.jpg
Cutter小刀刀具,Cutter,160,"1,050",5.15,"8,000","18,600","6,000","8,000/18,600",293400,3m 22s,1m 7s,"2,280 aUEC",130 °/s,32 °/s,32 °/s,None,None,None,-58%,/FOD问答资料图/飞船资料卡/德雷克星际/小刀.jpg
Cyclone旋风基础,Cyclone,0,34,0,"2,000","6,901",0,"2,000/6,901",0,2m 1s,40s,810 aUEC,None,None,None,None,None,None,-50%,/FOD问答资料图/飞船资料卡/盾博尔/旋风.jpg
Cyclone AA旋风AA,Cyclone AA,0,31,0,"2,000","6,901",0,"2,000/6,901",0,2m 1s,40s,"1,345 aUEC",None,None,None,None,None,None,-50%,/FOD问答资料图/飞船资料卡/盾博尔/旋风AA.jpg
Cyclone MT旋风MT,Cyclone MT,0,30,0,"2,000","6,901",0,"2,000/6,901",0,2m 1s,40s,"1,605 aUEC",None,None,None,None,None,None,-10%,/FOD问答资料图/飞船资料卡/盾博尔/旋风MT.jpg
Cyclone RC旋风RC,Cyclone RC,0,38,0,"2,000","6,901",0,"2,000/6,901",0,2m 50s,56s,"1,135 aUEC",None,None,None,None,None,None,-50%,/FOD问答资料图/飞船资料卡/盾博尔/旋风RC.jpg
Cyclone RN旋风RN,Cyclone RN,0,35,0,"2,000","6,901",0,"2,000/6,901",0,2m 1s,40s,810 aUEC,None,None,None,None,None,None,-50%,/FOD问答资料图/飞船资料卡/盾博尔/旋风RN.jpg
Cyclone TR旋风TR,Cyclone TR,0,32,0,"2,000","6,901",0,"2,000/6,901",0,2m 1s,40s,810 aUEC,None,None,None,None,None,None,-10%,/FOD问答资料图/飞船资料卡/盾博尔/旋风TR.jpg
Defender巴卫巴奴防卫者,Defender,203,"1,200",9.3,"4,000","14,100","2,750","4,000/14,100",430000,13m 36s,4m 32s,"6,168 aUEC",128 °/s,42 °/s,42 °/s,None,None,None,-50%,/FOD问答资料图/飞船资料卡/巴努/巴奴防卫者.jpg
Dragonfly蜻蜓,Dragonfly,85,500,4.44,880,"2,120",0,"880/2,120",15000,47s,15s,360 aUEC,137 °/s,72 °/s,72 °/s,None,None,None,-58%,/FOD问答资料图/飞船资料卡/德雷克星际/蜻蜓.jpg
Eclipse日蚀,Eclipse,146,981,5.99,"2,500","12,564","1,167","2,500/12,564",90000,16m 32s,5m 30s,"17,643 aUEC",140 °/s,37 °/s,38 °/s,-30%,-30%,-30%,-50%,/FOD问答资料图/飞船资料卡/圣盾动力/日蚀.jpg
F7C Hornet普黄大黄蜂基础,F7C Hornet,192,"1,229",4.83,"4,000","22,380",583,"4,000/22,380",120000,9m 43s,3m 14s,"5,017 aUEC",150 °/s,45 °/s,40 °/s,None,None,None,-54%,/FOD问答资料图/飞船资料卡/铁砧航天/大黄蜂F7C.jpg
F7C-M Super Hornet超黄超级大黄蜂,F7C-M Super Hornet,192,"1,229",4.54,"4,000","21,660",583,"4,000/21,660",135000,9m 43s,3m 14s,"4,789 aUEC",150 °/s,45 °/s,40 °/s,None,None,None,-54%,/FOD问答资料图/飞船资料卡/铁砧航天/大黄蜂M.jpg
F7C-R Hornet Tracker追黄,F7C-R Hornet Tracker,192,"1,229",4.83,"4,000","22,380",583,"4,000/22,380",120000,8m 6s,2m 42s,"4,367 aUEC",150 °/s,45 °/s,40 °/s,None,None,None,-54%,/FOD问答资料图/飞船资料卡/铁砧航天/大黄蜂R.jpg
F7C-S Hornet Ghost隐黄,F7C-S Hornet Ghost,192,"1,229",4.86,"4,000","22,380",583,"4,000/22,380",120000,9m 43s,3m 14s,"4,905 aUEC",150 °/s,45 °/s,40 °/s,-10%,-10%,-10%,-54%,/FOD问答资料图/飞船资料卡/铁砧航天/大黄蜂S.jpg
Freelancer自由基础自由职业者自由枪骑兵,Freelancer,154,"1,005",4.22,"6,200","30,200","2,500","6,200/30,200",360000,12m 59s,4m 19s,"6,503 aUEC",110 °/s,30 °/s,30 °/s,None,None,None,-52%,/FOD问答资料图/飞船资料卡/武藏星际株式会社/自由.jpg
Freelancer DUR自由DUR自由职业者DUR,Freelancer DUR,154,"1,005",4.17,"3,200","20,400","5,000","3,200/20,400",1045000,12m 59s,4m 19s,"6,035 aUEC",110 °/s,30 °/s,30 °/s,None,None,None,-53%,/FOD问答资料图/飞船资料卡/武藏星际株式会社/自由dur.jpg
Freelancer MAX自由MAX自由职业者MAX,Freelancer MAX,154,"1,005",5.43,"3,200","19,200","2,500","3,200/19,200",585000,16m 27s,5m 29s,"8,028 aUEC",135 °/s,30 °/s,30 °/s,None,None,None,-52%,/FOD问答资料图/飞船资料卡/武藏星际株式会社/自由max.jpg
Freelancer MIS自由MIS自由职业者MIS,Freelancer MIS,154,"1,005",4.14,"3,200","19,200","2,500","3,200/19,200",375000,15m 35s,5m 11s,"10,465 aUEC",105 °/s,32 °/s,32 °/s,None,None,None,-53%,/FOD问答资料图/飞船资料卡/武藏星际株式会社/自由mis.jpg
Fury狂怒福瑞,Fury,220,"1,250",17.92,"1,534","6,614",0,"1,534/6,614",27500,1m 53s,37s,"1,483 aUEC",215 °/s,53 °/s,53 °/s,None,None,None,-52%,/FOD问答资料图/飞船资料卡/未来（武藏工业子品牌）/狂怒.jpg
Fury MX狂怒MX福瑞MX,Fury MX,220,"1,250",17.9,"1,534","6,614",0,"1,534/6,614",27500,1m 53s,37s,"2,299 aUEC",215 °/s,53 °/s,53 °/s,None,None,None,-52%,/FOD问答资料图/飞船资料卡/未来（武藏工业子品牌）/狂怒MX.jpg
Gladiator角斗士,Gladiator,151,983,4.78,"10,000","34,770",583,"10,000/34,770",150000,8m 49s,2m 46s,"6,525 aUEC",116 °/s,34 °/s,35 °/s,None,None,None,-54%,/FOD问答资料图/飞船资料卡/铁砧航天/角斗士.jpg
Gladius短剑,Gladius,208,"1,236",10.41,"2,500","9,967",583,"2,500/9,967",135000,5m 49s,1m 56s,"2,335 aUEC",200 °/s,55 °/s,55 °/s,None,None,None,-50%,/FOD问答资料图/飞船资料卡/圣盾动力/短剑.jpg
Glaive长刀,Glaive,181,"1,225",9.5,"5,000","16,322",583,"5,000/16,322",1045000,16m 44s,5m 34s,"7,959 aUEC",136 °/s,36 °/s,35 °/s,None,None,None,-52%,/FOD问答资料图/飞船资料卡/埃斯佩里亚/长刀.jpg
Hammerhead锤头鲨,Hammerhead,105,"1,000",5.48,"80,000","295,600","11,000","80,000/295,600",15154560,48m 35s,16m 12s,"24,582 aUEC",60 °/s,20 °/s,18 °/s,None,None,None,-50%,/FOD问答资料图/飞船资料卡/圣盾动力/锤头鲨.jpg
Hawk猎鹰小鹰,Hawk,225,"1,315",9.9,"1,500","12,200",583,"1,500/12,200",105000,6m 48s,2m 16s,"3,040 aUEC",155 °/s,46 °/s,42 °/s,None,None,None,-54%,/FOD问答资料图/飞船资料卡/铁砧航天/猎鹰.jpg
Herald信使,Herald,174,"1,361",9.89,"1,400","6,500",583,"1,400/6,500",105000,5m 40s,1m 53s,"3,057 aUEC",165 °/s,40 °/s,38 °/s,None,None,None,-58%,/FOD问答资料图/飞船资料卡/德雷克星际/信使.jpg
HoverQuad悬浮四悬浮驷悬浮4,HoverQuad,125,600,4.98,750,"3,500",0,"750/3,500",16000,33s,11s,345 aUEC,141 °/s,89 °/s,89 °/s,None,None,None,-53%,/FOD问答资料图/飞船资料卡/联合外域/悬浮驷.jpg
Hull A货A,Hull A,108,"1,000",2.59,"3,000","110,200","10,000","3,000/110,200",164000,5m 56s,1m 58s,"2,700 aUEC",100 °/s,30 °/s,30 °/s,None,None,None,-52%,/FOD问答资料图/飞船资料卡/武藏星际株式会社/货A.jpg
Hurricane飓风,Hurricane,198,"1,232",7.45,"7,500","18,586",583,"7,500/18,586",135000,8m 33s,2m 50s,"4,148 aUEC",131 °/s,30 °/s,31 °/s,None,None,None,-54%,/FOD问答资料图/飞船资料卡/铁砧航天/飓风.jpg
Khartu-al卡图,Khartu-al,224,"1,323",8.65,"2,240","14,640",583,"2,240/14,640",1045000,9m 43s,3m 14s,"4,205 aUEC",200 °/s,70 °/s,70 °/s,-10%,-10%,-10%,-50%,/FOD问答资料图/飞船资料卡/奥波啊（西安外星工业）/卡图.jpg
Lynx天猫座山猫座,Lynx,0,30,0,"11,000","22,700",0,"11,000/22,700",0,2m 42s,53s,"1,080 aUEC",None,None,None,None,None,None,-4%,/FOD问答资料图/飞船资料卡/罗伯茨太空工业/山猫座.jpg
M2 Hercules StarlifterM2大力神M2,M2 Hercules Starlifter,135,963,7.3,"45,000","82,200","88,000","45,000/82,200",13155000,32m 42s,10m 53s,"17,580 aUEC",80 °/s,28 °/s,24 °/s,None,None,None,-55%,/FOD问答资料图/飞船资料卡/十字军工业/大力神M2.jpg
M50 Interceptor,M50 Interceptor,246,"1,343",13.92,"1,700","5,221",583,"1,700/5,221",30000,5m 17s,1m 45s,"2,581 aUEC",220 °/s,50 °/s,56 °/s,None,None,None,-52%,/FOD问答资料图/飞船资料卡/起源悦动/M50.jpg
Mantis螳螂,Mantis,168,"1,320",10.01,"2,700","11,450","1,000","2,700/11,450",632250,6m 28s,2m 9s,"3,374 aUEC",175 °/s,40 °/s,37 °/s,None,None,None,-53%,/FOD问答资料图/飞船资料卡/罗伯茨太空工业/螳螂.jpg
Mercury Star Runner水星跑者墨丘利,Mercury Star Runner,215,"1,287",6.41,"12,000","37,400","9,740","12,000/37,400",4850840,21m,7m,"9,393 aUEC",125 °/s,30 °/s,30 °/s,None,None,None,-50%,/FOD问答资料图/飞船资料卡/十字军工业/水星.jpg
MOLE鼹鼠,MOLE,128,"1,090",3.27,"5,500","24,800","2,759","5,500/24,800",660000,13m 30s,4m 30s,"5,715 aUEC",95 °/s,39 °/s,36 °/s,None,None,None,-55%,/FOD问答资料图/飞船资料卡/南船宇航/鼹鼠.jpg
MPUVCargoMPUV货运,MPUV Cargo,112,899,1.87,440,"6,820",0,"440/6,820",30000,1m 13s,24s,490 aUEC,75 °/s,25 °/s,25 °/s,None,None,None,-55%,/FOD问答资料图/飞船资料卡/南船宇航/MPUV C.jpg
MPUVPersonnelMPUV载人,MPUV Personnel,115,919,1.87,440,"6,820",0,"440/6,820",30000,40s,13s,270 aUEC,75 °/s,25 °/s,25 °/s,None,None,None,-55%,/FOD问答资料图/飞船资料卡/南船宇航/MPUV P.jpg
Mule骡子,Mule,0,32,0,"2,000","10,600",0,"2,000/10,600",0,3m 2s,1m,"1,215 aUEC",None,None,None,None,None,None,-58%,/FOD问答资料图/飞船资料卡/德雷克星际/骡子.jpg
Mustang Alpha野马阿尔法,Mustang Alpha,191,"1,160",11.62,"1,200","8,431",583,"1,200/8,431",60000,2m 40s,53s,"1,385 aUEC",210 °/s,54 °/s,54 °/s,None,None,None,-53%,/FOD问答资料图/飞船资料卡/联合外域/野马阿尔法.jpg
Mustang Beta野马贝塔,Mustang Beta,188,"1,216",9.67,"1,200","8,431",700,"1,200/8,431",1045000,3m 42s,1m 14s,"1,800 aUEC",200 °/s,52 °/s,52 °/s,None,None,None,-53%,/FOD问答资料图/飞船资料卡/联合外域/野马贝塔.jpg
Mustang Delta野马德尔塔,Mustang Delta,184,"1,227",10.25,"1,200","8,431",583,"1,200/8,431",75000,4m,1m 20s,"1,920 aUEC",225 °/s,54 °/s,54 °/s,-15%,-15%,-15%,-53%,/FOD问答资料图/飞船资料卡/联合外域/野马德尔塔.jpg
Mustang Gamma野马伽马,Mustang Gamma,241,"1,341",14.1,"1,200","8,431",583,"1,200/8,431",60000,7m 16s,2m 25s,"3,230 aUEC",245 °/s,54 °/s,54 °/s,None,None,None,-53%,/FOD问答资料图/飞船资料卡/联合外域/野马伽马.jpg
Mustang Omega野马欧米伽,Mustang Omega,241,"1,341",14.1,"1,200","8,431",583,"1,200/8,431",60000,7m 16s,2m 25s,"3,230 aUEC",245 °/s,54 °/s,54 °/s,None,None,None,-53%,/FOD问答资料图/飞船资料卡/联合外域/野马欧米伽.jpg
Nomad游牧民,Nomad,180,"1,171",8.22,"4,000","9,800",771,"4,000/9,800",328000,3m 57s,1m 19s,"2,687 aUEC",148 °/s,42 °/s,40 °/s,None,None,None,-53%,/FOD问答资料图/飞船资料卡/联合外域/游牧.jpg
Nova新星坦克,Nova,0,0,0,"40,000","127,600",0,"40,000/127,600",0,12m 22s,4m 7s,"7,398 aUEC",None,None,None,None,None,None,-10%,/FOD问答资料图/飞船资料卡/盾博尔/新星坦克.jpg
Nox,Nox,80,600,2.45,120,"1,825",0,"120/1,825",15000,1m 6s,22s,485 aUEC,141 °/s,89 °/s,89 °/s,None,None,None,-50%,/FOD问答资料图/飞船资料卡/奥波啊（西安外星工业）/NOX.jpg
P-52 Merlinp52梅林,P-52 Merlin,202,"1,028",16.83,"1,700","3,880",0,"1,700/3,880",15000,1m 37s,32s,965 aUEC,215 °/s,62 °/s,62 °/s,None,None,None,-50%,/FOD问答资料图/飞船资料卡/克鲁格星际/梅林.jpg
P-72 Archimedesp72阿基米德,P-72 Archimedes,248,"1,340",14.5,"1,700","3,880",0,"1,700/3,880",15000,2m 39s,52s,"1,375 aUEC",225 °/s,64 °/s,64 °/s,None,None,None,-50%,/FOD问答资料图/飞船资料卡/克鲁格星际/阿基米德.jpg
Prospector勘探者,Prospector,150,"1,155",3.71,"8,000","18,770",583,"8,000/18,770",210000,9m 46s,3m 15s,"4,230 aUEC",94 °/s,28 °/s,29 °/s,None,None,None,-52%,/FOD问答资料图/飞船资料卡/武藏星际株式会社/勘探者.jpg
Prowler徘徊者,Prowler,178,"1,116",5.63,"5,250","21,950","2,500","5,250/21,950",390000,23m 13s,7m 44s,"9,993 aUEC",125 °/s,32 °/s,32 °/s,-30%,-30%,-30%,-50%,/FOD问答资料图/飞船资料卡/埃斯佩里亚/徘徊者.jpg
PTV,PTV,0,20,0,200,"2,950",0,"200/2,950",10000,16s,5s,115 aUEC,None,None,None,None,None,None,None,/FOD问答资料图/飞船资料卡/灰猫工业/PTV.jpg
RAFT木筏,RAFT,135,840,5.17,"25,000","41,751","27,585","25,000/41,751",2284275,9m 59s,3m 39s,"4,315 aUEC",55 °/s,21 °/s,21 °/s,None,None,None,-55%,/FOD问答资料图/飞船资料卡/南船宇航/木筏.jpg
Razor剃刀,Razor,252,"1,345",13.5,"1,700","9,400",583,"1,700/9,400",30000,7m 43s,2m 34s,"3,461 aUEC",215 °/s,60 °/s,60 °/s,None,None,None,-52%,/FOD问答资料图/飞船资料卡/未来（武藏工业子品牌）/剃刀.jpg
Razor EX剃刀EX,Razor EX,252,"1,345",13.5,"1,700","9,400",583,"1,700/9,400",30000,5m 54s,1m 58s,"2,740 aUEC",215 °/s,60 °/s,60 °/s,-5%,-5%,-5%,-52%,/FOD问答资料图/飞船资料卡/未来（武藏工业子品牌）/剃刀EX.jpg
Razor LX剃刀LX,Razor LX,275,"1,400",14.22,700,"2,900",583,"700/2,900",30000,7m 43s,2m 34s,"3,461 aUEC",215 °/s,60 °/s,60 °/s,None,None,None,-52%,/FOD问答资料图/飞船资料卡/未来（武藏工业子品牌）/剃刀LX.jpg
Reclaimer回收者再生者,Reclaimer,76,932,1.75,"32,000","89,002","11,000","32,000/89,002",17540000,30m 41s,10m 13s,"12,555 aUEC",30 °/s,15 °/s,15 °/s,None,None,None,-50%,/FOD问答资料图/飞船资料卡/圣盾动力/回收者.jpg
Redeemer救赎者,Redeemer,140,960,4.01,"45,000","102,300","5,700","45,000/102,300",660000,28m 21s,9m 26s,"13,199 aUEC",65 °/s,23 °/s,23 °/s,None,None,None,-50%,/FOD问答资料图/飞船资料卡/圣盾动力/救赎.jpg
Reliant Kore信赖货运信赖基础,Reliant Kore,166,"1,150",3.24,"3,000","15,260",583,"3,000/15,260",105000,3m 51s,1m 17s,"2,268 aUEC",145 °/s,45 °/s,44 °/s,None,None,None,-52%,/FOD问答资料图/飞船资料卡/武藏星际株式会社/信赖科雷.jpg
Reliant Mako信赖新闻,Reliant Mako,166,"1,150",3.24,"3,000","15,260",583,"3,000/15,260",105000,5m 21s,1m 47s,"2,868 aUEC",145 °/s,45 °/s,44 °/s,None,None,None,-52%,/FOD问答资料图/飞船资料卡/武藏星际株式会社/信赖真子.jpg
Reliant Sen信赖科考,Reliant Sen,166,"1,150",3.24,"3,000","15,260",583,"3,000/15,260",105000,4m 49s,1m 36s,"2,653 aUEC",145 °/s,45 °/s,44 °/s,None,None,None,-52%,/FOD问答资料图/飞船资料卡/武藏星际株式会社/信赖森.jpg
Reliant Tana信赖武装,Reliant Tana,166,"1,150",3.26,"3,000","15,260",583,"3,000/15,260",75000,4m 49s,1m 36s,"3,829 aUEC",145 °/s,45 °/s,44 °/s,None,None,None,-52%,/FOD问答资料图/飞船资料卡/武藏星际株式会社/信赖塔娜.jpg
Retaliator报复者报复基础报复轰炸,Retaliator,138,942,3.76,"120,000","364,185","2,500","120,000/364,185",510000,25m 44s,8m 34s,"32,116 aUEC",125 °/s,36 °/s,36 °/s,None,None,None,-50%,/FOD问答资料图/飞船资料卡/圣盾动力/报复轰炸.jpg
ROC,ROC,0,32,0,"2,250","9,410",0,"2,250/9,410",0,3m 32s,1m 6s,"1,460 aUEC",None,None,None,None,None,None,-50%,/FOD问答资料图/飞船资料卡/灰猫工业/ROC.jpg
ROC-DS,ROC-DS,0,28,0,"2,250","13,902",0,"2,250/13,902",0,4m 25s,1m 23s,"1,825 aUEC",None,None,None,None,None,None,-50%,/FOD问答资料图/飞船资料卡/灰猫工业/ROC-DS.jpg
Sabre军刀,Sabre,206,"1,235",8.03,"4,000","12,540",583,"4,000/12,540",135000,9m 26s,3m 9s,"4,689 aUEC",145 °/s,43 °/s,38 °/s,-20%,-20%,-20%,-50%,/FOD问答资料图/飞船资料卡/圣盾动力/军刀.jpg
Sabre Comet军刀彗星,Sabre Comet,206,"1,235",8.03,"4,000","12,540",583,"4,000/12,540",135000,9m 26s,3m 9s,"4,689 aUEC",145 °/s,43 °/s,38 °/s,-20%,-20%,-20%,-50%,/FOD问答资料图/飞船资料卡/圣盾动力/军刀彗星.jpg
Sabre Raven军刀渡鸦,Sabre Raven,205,"1,305",4.96,"1,920","9,780",583,"1,920/9,780",120000,7m 33s,2m 31s,"3,934 aUEC",150 °/s,41 °/s,36 °/s,-20%,-20%,-20%,-50%,/FOD问答资料图/飞船资料卡/圣盾动力/渡鸦.jpg
Scorpius天蝎座,Scorpius,218,"1,250",9.26,"6,500","43,660",583,"6,500/43,660",135000,13m 51s,4m 37s,"7,097 aUEC",144 °/s,42 °/s,37 °/s,None,None,None,-53%,/FOD问答资料图/飞船资料卡/罗伯茨太空工业/天蝎座.jpg
Scorpius Antares天蝎座心宿二电蝎蝎心,Scorpius Antares,238,"1,303",9.26,"6,500","43,660",800,"6,500/43,660",135000,13m 51s,4m 37s,"7,097 aUEC",150 °/s,40 °/s,35 °/s,None,None,None,-53%,/FOD问答资料图/飞船资料卡/罗伯茨太空工业/蝎心.jpg
Scythe死镰,Scythe,195,"1,231",10.08,"4,000","12,401",583,"4,000/12,401",1045000,16m 44s,5m 34s,"7,719 aUEC",135 °/s,35 °/s,35 °/s,None,None,None,-52%,/FOD问答资料图/飞船资料卡/埃斯佩里亚/死镰.jpg
Spartan斯巴达,Spartan,0,26,0,"10,000","37,801",0,"10,000/37,801",0,6m 11s,2m 3s,"2,475 aUEC",None,None,None,None,None,None,-54%,/FOD问答资料图/飞船资料卡/铁砧航天/斯巴达.jpg
Starfarer民油船星际远航者,Starfarer,85,888,2.72,"20,000","58,900","11,000","20,000/58,900",6522000,35m 20s,11m 46s,"14,690 aUEC",35 °/s,20 °/s,20 °/s,None,None,None,-52%,/FOD问答资料图/飞船资料卡/武藏星际株式会社/星际远航者.jpg
Starfarer Gemini军油星际远航者双子座,Starfarer Gemini,88,889,1.96,"20,000","58,900","11,000","20,000/58,900",6522000,35m 20s,11m 46s,"15,995 aUEC",35 °/s,20 °/s,20 °/s,None,None,None,-52%,/FOD问答资料图/飞船资料卡/武藏星际株式会社/星际远航者双子座.jpg
STV,STV,0,40,0,"2,500","10,250",0,"2,500/10,250",0,12s,0s,75 aUEC,None,None,None,None,None,None,-58%,/FOD问答资料图/飞船资料卡/灰猫工业/STV.jpg
Talon利爪炮鸟,Talon,208,"1,236",14.51,"2,700","18,730",583,"2,700/18,730",80000,11m 20s,3m 46s,"5,243 aUEC",215 °/s,56 °/s,57 °/s,-30%,-30%,-30%,-50%,/FOD问答资料图/飞船资料卡/埃斯佩里亚/利爪.jpg
Talon Shrike利爪伯劳鸟导弹鸟,Talon Shrike,208,"1,236",14.51,"2,700","18,730",583,"2,700/18,730",80000,11m 20s,3m 46s,"7,183 aUEC",215 °/s,56 °/s,57 °/s,-30%,-30%,-30%,-50%,/FOD问答资料图/飞船资料卡/埃斯佩里亚/伯劳.jpg
Terrapin水龟,Terrapin,157,"1,204",4.29,"15,000","113,525",950,"15,000/113,525",1045000,11m 23s,3m 47s,"4,560 aUEC",112 °/s,35 °/s,35 °/s,None,None,None,-54%,/FOD问答资料图/飞船资料卡/铁砧航天/水龟.jpg
Ursa大熊座,Ursa,0,29,0,"13,000","24,900",0,"13,000/24,900",0,2m 31s,50s,"1,015 aUEC",None,None,None,None,None,None,None,/FOD问答资料图/飞船资料卡/罗伯茨太空工业/大熊座.jpg
Valkyrie瓦尔基里女武神,Valkyrie,165,"1,100",4.66,"10,000","44,053","2,500","10,000/44,053",945000,17m 38s,5m 52s,"7,135 aUEC",110 °/s,30 °/s,31 °/s,None,None,None,-50%,/FOD问答资料图/飞船资料卡/铁砧航天/女武神.jpg
Vanguard Harbinger先锋先驱,Vanguard Harbinger,171,"1,022",5.32,"9,600","42,400","2,500","9,600/42,400",390000,16m 23s,5m 27s,"8,383 aUEC",120 °/s,32 °/s,32 °/s,None,None,None,-50%,/FOD问答资料图/飞船资料卡/圣盾动力/先锋先驱.jpg
Vanguard Hoplite先锋重装,Vanguard Hoplite,171,"1,022",7.62,"9,600","42,400","2,500","9,600/42,400",390000,13m 15s,4m 25s,"6,603 aUEC",120 °/s,32 °/s,32 °/s,None,None,None,-50%,/FOD问答资料图/飞船资料卡/圣盾动力/先锋重装.jpg
Vanguard Sentinel先锋哨兵,Vanguard Sentinel,171,"1,022",10.48,"4,320","23,460","2,500","4,320/23,460",390000,18m 13s,6m 4s,"9,113 aUEC",120 °/s,32 °/s,32 °/s,None,None,None,-50%,/FOD问答资料图/飞船资料卡/圣盾动力/先锋哨兵.jpg
Vanguard Warden先锋典狱长,Vanguard Warden,169,"1,116",7.32,"9,600","42,400","2,500","9,600/42,400",405000,18m 13s,6m 4s,"9,113 aUEC",120 °/s,32 °/s,32 °/s,None,None,None,-50%,/FOD问答资料图/飞船资料卡/圣盾动力/先锋典狱长.jpg
Vulture秃鹫,Vulture,165,"1,114",3.52,"8,000","32,700",583,"8,000/32,700",360000,9m,3m,"3,040 aUEC",100 °/s,30 °/s,30 °/s,None,None,None,-58%,/FOD问答资料图/飞船资料卡/德雷克星际/秃鹫.jpg
